AREA,TIPO,CODIGO DE FALLO,FALLA EN EQUIPO,SUB MODO DE FALLA ,AGREGAR
Mantenimiento,Robot Manipulador ,1,ROBOT MANIPULADOR,No coloca bien la pieza en mesa,
Mantenimiento,Robot Manipulador ,2,ROBOT MANIPULADOR,Pin de localización dañado,
Mantenimiento,Robot Manipulador ,3,ROBOT MANIPULADOR,Falla Por Atoramiento Al Realizar Pick o Drop,
Mantenimiento,Robot Manipulador ,4,ROBOT MANIPULADOR,Elemento flojo o dañado (estructura),
Mantenimiento,Robot Manipulador ,5,ROBOT MANIPULADOR,Falla por Atascamiento de Clamp,
Mantenimiento,Robot Manipulador ,6,ROBOT MANIPULADOR,Falla por Atascamiento de Shotpin,
Mantenimiento,Robot Manipulador ,7,ROBOT MANIPULADOR,Sensor de clamp no detecta/se queda activado,
Mantenimiento,Robot Manipulador ,8,ROBOT MANIPULADOR,Válvula neumática dañada de clamp/cilindro,
Mantenimiento,Robot Manipulador ,9,ROBOT MANIPULADOR,Sensor PP no detecta/se queda activado,
Mantenimiento,Robot Manipulador ,10,ROBOT MANIPULADOR,Cable eléctrico dañado /sensor/válvula,
Mantenimiento,Robot Manipulador ,11,ROBOT MANIPULADOR,Valvula de agua dañada,
Mantenimiento,Robot Manipulador ,12,ROBOT MANIPULADOR,Exceso de proyecciones Clamp / Sensor,
Mantenimiento,Robot Manipulador ,13,ROBOT MANIPULADOR,Reparacion / Modificacion bloques de tierra,
Mantenimiento,Robot Manipulador ,14,ROBOT MANIPULADOR,Ajuste de path (Correctivo),
Mantenimiento,Robot Manipulador ,15,ROBOT MANIPULADOR,Ajuste de sujeccion de pieza,
Mantenimiento,Robot Manipulador ,16,ROBOT MANIPULADOR,Linea de medicion abierta,
Mantenimiento,Robot Manipulador ,17,ROBOT MANIPULADOR,Revision Bloques de Tierra,
Mantenimiento,Robot Manipulador ,18,ROBOT MANIPULADOR,Cable de tierra dañado,
Mantenimiento,Robot Manipulador ,19,ROBOT MANIPULADOR,Pierde modo automatico,
Mantenimiento,Robot Manipulador ,20,ROBOT MANIPULADOR,Manguera de agua / aire con daño,
Mantenimiento,Robot Manipulador ,21,ROBOT MANIPULADOR,Exceso de proyecciones Clamp / Sensor,
Mantenimiento,Robot Manipulador ,22,ROBOT MANIPULADOR,Contador de piezas,
Mantenimiento,Robot Manipulador ,23,SPARE,SPARE,
Mantenimiento,Robot Manipulador ,24,SPARE,SPARE,
Mantenimiento,ROBOT_,25,ROBOT_,Programa abortado,
Mantenimiento,ROBOT_,26,ROBOT_,Espera de liberación de PLC,
Mantenimiento,ROBOT_,27,ROBOT_,Colisión de robot/Colisión de pieza,
Mantenimiento,ROBOT_,28,ROBOT_,Error en programación de robot,
Mantenimiento,ROBOT_,29,ROBOT_,Fallo en smartpad/Sin Smart,
Mantenimiento,ROBOT_,30,ROBOT_,Fallo mecánico de robot,
Mantenimiento,ROBOT_,31,ROBOT_,Fallo eléctrico de robot,
Mantenimiento,ROBOT_,32,ROBOT_,Fallo en Weld Zone,
Mantenimiento,ROBOT_,33,ROBOT_,Fallo de comunicación,
Mantenimiento,ROBOT_,34,ROBOT_,Fallo de Elemento Térmico,
Mantenimiento,ROBOT_,35,ROBOT_,Baja velocidad de robot,
Mantenimiento,ROBOT_,36,ROBOT_,Masterizacion / Calibracion de Robot,
Mantenimiento,ROBOT_,37,ROBOT_,Break Test (Test de frenos),
Mantenimiento,ROBOT_,38,ROBOT_,Programa dañado,
Mantenimiento,ROBOT_,39,ROBOT_,Revision  de robot,
Mantenimiento,ROBOT_,40,ROBOT_,Fuga de Aceite,
Mantenimiento,ROBOT_,41,ROBOT_,Cable de comunicación dañado,
Mantenimiento,ROBOT_,42,ROBOT_,Cable de potencia dañado,
Mantenimiento,ROBOT_,43,ROBOT_,Corrugado plástico roto/dañado ,
Mantenimiento,ROBOT_,44,ROBOT_,Edicion de programa Robot,
Mantenimiento,ROBOT_,45,ROBOT_,Carga de programa en robot,
Mantenimiento,ROBOT_,46,ROBOT_,Masterizacion / Calibracion de pinza,
Mantenimiento,ROBOT_,47,ROBOT_,Fallo de medicion pinza,
Mantenimiento,ROBOT_,48,ROBOT_,Colision detect,
Mantenimiento,ROBOT_,49,ROBOT_,Fallo controlador de soldadura,
Mantenimiento,ROBOT_,50,SPARE,Spare,
Mantenimiento,DRESSPACK,51,DRESSPACK,T-box roto/dañado ,
Mantenimiento,DRESSPACK,52,DRESSPACK,Se enreda y/o atora Dresspack,
Mantenimiento,DRESSPACK,53,DRESSPACK,Fuga de agua,
Mantenimiento,DRESSPACK,54,DRESSPACK,Fuga de aire,
Mantenimiento,DRESSPACK,55,DRESSPACK,Ruteo Dresspack,
Mantenimiento,DRESSPACK,56,DRESSPACK,Cambio de rotula,
Mantenimiento,DRESSPACK,57,DRESSPACK,Cables dañados,
Mantenimiento,SPARE,58,SPARE,Spare,
Mantenimiento,SPARE,59,SPARE,Spare,
Mantenimiento,PINZA,60,PINZA,Alineación en pinza de soldadura,
Mantenimiento,PINZA,61,PINZA,Porta electrodo dañado/en cono/chueco,
Mantenimiento,PINZA,62,PINZA,Tornillos flojos/capados (portacap),
Mantenimiento,PINZA,63,PINZA,Fallo de medicion en fresado / Cambio de caps (desgaste de puntas),
Mantenimiento,PINZA,64,PINZA,Estructura de pinza floja o dañada (juego axial en pinza),
Mantenimiento,PINZA,65,PINZA,Fallo en servomotor,
Mantenimiento,PINZA,66,PINZA,Puente laminado/Shunt dañado,
Mantenimiento,PINZA,67,PINZA,Fallo en sistema de enfriamiento,
Mantenimiento,PINZA,68,PINZA,Térmicos abiertos,
Mantenimiento,PINZA,69,PINZA,Transformador dañado,
Mantenimiento,PINZA,70,PINZA,Elemento de cuerpo de pinza dañado,
Mantenimiento,PINZA,71,PINZA,Suciedad en Cap,
Mantenimiento,PINZA,72,PINZA,Fallo en Cambio de Caps,
Mantenimiento,PINZA,73,PINZA,Cap botado,
Mantenimiento,PINZA,74,PINZA,Ajuste de Trayectoria de Robot ,
Mantenimiento,PINZA,75,PINZA,Falla despues de fresado / Bestpractice,
Mantenimiento,PINZA,76,PINZA,Cable adaptivo dañado/flojo,
Mantenimiento,PINZA,77,PINZA,Repetir Punto,
Mantenimiento,PINZA,78,PINZA,Resistencia Alta / Baja en pinza,
Mantenimiento,PINZA,79,PINZA,Puntos frios ,
Mantenimiento,PINZA,80,PINZA,Revision de puntos,
Mantenimiento,PINZA,81,SPARE,Spare,
Mantenimiento,PINZA,82,SPARE,Spare,
Mantenimiento,PINZA,83,SPARE,Spare,
Mantenimiento,PINZA,84,SPARE,Spare,
Mantenimiento,SOLDADURA SPOT,85,SOLDADURA_SPOT,Elemento electrico de control dañado,
Mantenimiento,SOLDADURA SPOT,86,SOLDADURA_SPOT,Ajuste de parámetros /soldadura,
Mantenimiento,SOLDADURA SPOT,87,SOLDADURA_SPOT,Perdida de programa de soldadura,
Mantenimiento,SOLDADURA SPOT,88,SOLDADURA_SPOT,Calibracion de transformador,
Mantenimiento,SOLDADURA SPOT,89,SOLDADURA_SPOT,Calibración de pinza (Resistencia),
Mantenimiento,SOLDADURA SPOT,90,SOLDADURA_SPOT,Daño en tarjeta de alimentacion 24V / Comunicación,
Mantenimiento,SOLDADURA SPOT,91,SOLDADURA_SPOT,Daño tarjeta de E/S,
Mantenimiento,SOLDADURA SPOT,92,SOLDADURA_SPOT,Daño en potencia control de soldadura,
Mantenimiento,SOLDADURA SPOT,93,SOLDADURA_SPOT,No da pulso de soldadura,
Mantenimiento,SOLDADURA SPOT,94,SOLDADURA_SPOT,Perdida de respaldo / Fallo de RAM,
Mantenimiento,SOLDADURA SPOT,95,SOLDADURA_SPOT,Actualizacion / Implementacion  de graficas UIR,
Mantenimiento,SOLDADURA SPOT,96,SOLDADURA_SPOT,Platinos dañados,
Mantenimiento,SOLDADURA SPOT,97,SOLDADURA_SPOT,Falla de Soldadura Por Puntos Frios,
Mantenimiento,SOLDADURA SPOT,98,SOLDADURA_SPOT,Perdida de programa de soldadura,
Mantenimiento,SOLDADURA SPOT,99,SOLDADURA_SPOT,Error punto de quemado,
Mantenimiento,SOLDADURA SPOT,100,SOLDADURA_SPOT,Conteo de puntos,
Mantenimiento,SOLDADURA SPOT,101,SOLDADURA_SPOT,Fallo en control de soldadura,
Mantenimiento,SOLDADURA SPOT,102,SOLDADURA_SPOT,Punto explotado,
Mantenimiento,ESTACION DE CARGA,103,ESTACION DE CARGA,Botón de ciclo o contactos dañados,
Mantenimiento,ESTACION DE CARGA,104,ESTACION DE CARGA,Falla por Atascamiento de Shotpin,
Mantenimiento,ESTACION DE CARGA,105,ESTACION DE CARGA,Falla por Atascamiento de Clamp,
Mantenimiento,ESTACION DE CARGA,106,ESTACION DE CARGA,Conexiones de cilindro/clamp dañadas,
Mantenimiento,ESTACION DE CARGA,107,ESTACION DE CARGA,Válvula neumática dañada de clamp/cilindro,
Mantenimiento,ESTACION DE CARGA,108,ESTACION DE CARGA,Perdida de comunicación /modulo/cables dañado,
Mantenimiento,ESTACION DE CARGA,109,ESTACION DE CARGA,Cable eléctrico dañado / sensor / válvula,Falla detección de perno en pateadora
Mantenimiento,ESTACION DE CARGA,110,ESTACION DE CARGA,Cilindro de Pistón /Ajuste o fallo,
Mantenimiento,ESTACION DE CARGA,111,ESTACION DE CARGA,Exceso de proyecciones Clamp / Sensor,
Mantenimiento,ESTACION DE CARGA,112,ESTACION DE CARGA,Pin atorado,
Mantenimiento,ESTACION DE CARGA,113,ESTACION DE CARGA,Pernos de sujeccion de clamp / torre dañados,
Mantenimiento,ESTACION DE CARGA,114,ESTACION DE CARGA,Ajuste de sensores pieza,
Mantenimiento,ESTACION DE CARGA,115,ESTACION DE CARGA,Ajuste de sensores clamp,
Mantenimiento,ESTACION DE CARGA,116,ESTACION DE CARGA,Sensor de posicion trunnion dañado,
Mantenimiento,ESTACION DE CARGA,117,ESTACION DE CARGA,Falla por Ajuste de Herrammental,
Mantenimiento,ESTACION DE CARGA,118,ESTACION DE CARGA,Falla por sensor Laser,
Mantenimiento,ESTACION DE CARGA,119,ESTACION DE CARGA,Falla por Sensor de Parte Presente,
Mantenimiento,ESTACION DE CARGA,120,ESTACION DE CARGA,Estacion fuera de posicion,
Mantenimiento,ESTACION DE CARGA,121,ESTACION DE CARGA,Estacion sin Condiciones de Trabajo,
Mantenimiento,ESTACION DE CARGA,122,ESTACION DE CARGA,Fallo pokayoke,
Mantenimiento,ESTACION DE CARGA,123,ESTACION DE CARGA,Estacion Sin Aire,
Mantenimiento,ESTACION DE CARGA,124,ESTACION DE CARGA,Perdida de secuencia,
Mantenimiento,ESTACION DE CARGA,125,SPARE,Spare,
Mantenimiento,ESTACION DE CARGA,126,SPARE,Spare,
Mantenimiento,TRUNIUM,127,TRUNIUM,Mesa sin posicion/ Referencia,
Mantenimiento,TRUNIUM,128,TRUNIUM,Variador de unidad dañado,
Mantenimiento,TRUNIUM,129,TRUNIUM,Zona de seguridad no liberada ,
Mantenimiento,TRUNIUM,130,TRUNIUM,Componente electrico de motor dañado,
Mantenimiento,TRUNIUM,131,TRUNIUM,Elemento electrico de Armario / Variador dañado,
Mantenimiento,TRUNIUM,132,TRUNIUM,Micro swich de posicion dañado,
Mantenimiento,TRUNIUM,133,TRUNIUM,Ajuste de posicion micro swich,
Mantenimiento,TRUNIUM,134,TRUNIUM,Mecanismo de soporte dañado (Guias),
Mantenimiento,TRUNIUM,135,SPARE,Spare,
Mantenimiento,TRUNIUM,136,SPARE,Spare,
Mantenimiento,TRUNIUM,137,SPARE,Spare,
Mantenimiento,SOLDADURA EMHARD,138,SOLDADURA EMHARD,Modificación de soplador stud,
Mantenimiento,SOLDADURA EMHARD,139,SOLDADURA EMHARD,Falla neumática/mecánica de alimentador,
Mantenimiento,SOLDADURA EMHARD,140,SOLDADURA EMHARD,Falla neumática/mecánica de cabezal ,
Mantenimiento,SOLDADURA EMHARD,141,SOLDADURA EMHARD,Fallo eléctrico en armario alimentador,
Mantenimiento,SOLDADURA EMHARD,142,SOLDADURA EMHARD,Fallo de comunicación con robot,
Mantenimiento,SOLDADURA EMHARD,143,SOLDADURA EMHARD,Cabezal no Retorna,
Mantenimiento,SOLDADURA EMHARD,144,SOLDADURA EMHARD,Stud atorado en manguera/alimentador,
Mantenimiento,SOLDADURA EMHARD,145,SOLDADURA EMHARD,Ajuste de Path,
Mantenimiento,SOLDADURA EMHARD,146,SOLDADURA EMHARD,Check stud con daño / ajuste,
Mantenimiento,SOLDADURA EMHARD,147,SOLDADURA EMHARD,Daño en cabezal de carga / pasador,
Mantenimiento,SOLDADURA EMHARD,148,SOLDADURA EMHARD,Soldadura fuera de tolerancia (WOP),
Mantenimiento,SOLDADURA EMHARD,149,SOLDADURA EMHARD,Alimentación de perno erróneo,
Mantenimiento,SOLDADURA EMHARD,150,SOLDADURA EMHARD,Circuito abierto (sin voltaje),
Mantenimiento,SOLDADURA EMHARD,151,SOLDADURA EMHARD,Cable de medición dañado (Cabezal),
Mantenimiento,SOLDADURA EMHARD,152,SOLDADURA EMHARD,Cable de potencia dañado,
Mantenimiento,SOLDADURA EMHARD,153,SOLDADURA EMHARD,Ajuste de parámetros /soldadura,
Mantenimiento,SOLDADURA EMHARD,154,SOLDADURA EMHARD,Fallo en armario de soldadura,
Mantenimiento,SOLDADURA EMHARD,155,SOLDADURA EMHARD,Fallo star de soldadura,
Mantenimiento,SOLDADURA EMHARD,156,SOLDADURA EMHARD,Derivacion de boquilla,
Mantenimiento,SOLDADURA EMHARD,157,SOLDADURA EMHARD,Falla De Soldadura Por Studs Frios,
Mantenimiento,SOLDADURA EMHARD,158,SOLDADURA EMHARD,Ajuste de medicion / Referencia,
Mantenimiento,SOLDADURA EMHARD,159,SOLDADURA EMHARD,Ajuste de stick out,
Mantenimiento,SOLDADURA EMHARD,160,SOLDADURA EMHARD,Encoder dañado,
Mantenimiento,SOLDADURA EMHARD,161,SOLDADURA EMHARD,Cabezal dañado,
Mantenimiento,SOLDADURA EMHARD,162,SOLDADURA EMHARD,Falla en el equipo Tuker por alimentacion de Stud,
Mantenimiento,SOLDADURA EMHARD,163,SOLDADURA EMHARD,Falla por Flujo de Aire,
Mantenimiento,SOLDADURA EMHARD,164,SOLDADURA EMHARD,Falla por Tierras Flojas,
Mantenimiento,SOLDADURA EMHARD,165,SOLDADURA EMHARD,Falla por Stick Out,
Mantenimiento,SOLDADURA EMHARD,166,SOLDADURA EMHARD,Falla por Falta De Corriente,
Mantenimiento,SOLDADURA EMHARD,167,SOLDADURA EMHARD,Falla en Tuker Por Penetracion ,
Mantenimiento,SOLDADURA EMHARD,168,SOLDADURA EMHARD,Cambio de boquilla,
Mantenimiento,SOLDADURA EMHARD,169,SOLDADURA EMHARD,Error de medición,
Mantenimiento,SOLDADURA EMHARD,170,SPARE,Spare,
Mantenimiento,SOLDADURA EMHARD,171,SPARE,Spare,
Mantenimiento,NORDSON ,172,SISTEMA DE SELLO NORDSON ,Falla TCU En Equipo Norson,
Mantenimiento,NORDSON ,173,SISTEMA DE SELLO NORDSON ,Falla en Aplicación de sello ,
Mantenimiento,NORDSON ,174,SISTEMA DE SELLO NORDSON ,Flujo nominal no alcanzado/ sobrepasa,
Mantenimiento,NORDSON ,175,SISTEMA DE SELLO NORDSON ,Falla por Exeso de Presion,
Mantenimiento,NORDSON ,176,SISTEMA DE SELLO NORDSON ,Sistema no responde,
Mantenimiento,NORDSON ,177,SISTEMA DE SELLO NORDSON ,Bomba sello dañada,
Mantenimiento,NORDSON ,178,SISTEMA DE SELLO NORDSON ,Bomba agua dañada,
Mantenimiento,NORDSON ,179,SISTEMA DE SELLO NORDSON ,Cambio de plato (Modificacion),
Mantenimiento,NORDSON ,180,SISTEMA DE SELLO NORDSON ,Cambio de Bote de Sellador,
Mantenimiento,NORDSON ,181,SISTEMA DE SELLO NORDSON ,Servomotor de dosificador con fallo ,
Mantenimiento,NORDSON ,182,SISTEMA DE SELLO NORDSON ,Falla de comunicación,
Mantenimiento,NORDSON ,183,SISTEMA DE SELLO NORDSON ,Elemento eléctrico de armario dañado,
Mantenimiento,NORDSON ,184,SISTEMA DE SELLO NORDSON ,Válvula de llenado con daño / tapada,
Mantenimiento,NORDSON ,185,SISTEMA DE SELLO NORDSON ,Válcula de aplicación con daño / tapada,
Mantenimiento,NORDSON ,186,SISTEMA DE SELLO NORDSON ,Fuga de Agua o Nivel bajo de Agua,
Mantenimiento,NORDSON ,187,SISTEMA DE SELLO NORDSON ,Boquilla de aplicación dañada / tapada,
Mantenimiento,NORDSON ,188,SISTEMA DE SELLO NORDSON ,Falla neumática en bomba,
Mantenimiento,NORDSON ,189,SISTEMA DE SELLO NORDSON ,Servomotor de dosificar dañado,
Mantenimiento,NORDSON ,190,SISTEMA DE SELLO NORDSON ,Cordón de sello incompleto,
Mantenimiento,NORDSON ,191,SISTEMA DE SELLO NORDSON ,"Equipo Pasmado, No responde ",
Mantenimiento,NORDSON ,192,SISTEMA DE SELLO NORDSON ,Sobre-Presurización de Sistema (exceso de presion alimentacion),
Mantenimiento,NORDSON ,193,SISTEMA DE SELLO NORDSON ,Ajuste de trayectoria de sellador,
Mantenimiento,NORDSON ,194,SISTEMA DE SELLO NORDSON ,Falla por Lectura de Camara Coherix,
Mantenimiento,NORDSON ,195,SISTEMA DE SELLO NORDSON ,Falla por Camara Coherix Dañada,
Mantenimiento,NORDSON ,196,SISTEMA DE SELLO NORDSON ,Falló de comunicación de camara,
Mantenimiento,NORDSON ,197,SISTEMA DE SELLO NORDSON ,Fallo eléctrico de camara,
Mantenimiento,NORDSON ,198,SISTEMA DE SELLO NORDSON ,Fallo iluminación externa,
Mantenimiento,NORDSON ,199,SISTEMA DE SELLO NORDSON ,Falla por Exeso de Sello,
Mantenimiento,NORDSON ,200,SISTEMA DE SELLO NORDSON ,Falla por Faltante de sello,
Mantenimiento,NORDSON ,201,SPARE,Spare,
Mantenimiento,NORDSON ,202,SPARE,Spare,
Mantenimiento,NORDSON ,203,SPARE,Spare,
Mantenimiento,MARCADORA ,204,MARCADORA,Punta de marcado dañada/desgaste,
Mantenimiento,MARCADORA ,205,MARCADORA,Ajuste de posicion cabezal,
Mantenimiento,MARCADORA ,206,MARCADORA,Falla de comunicación,
Mantenimiento,MARCADORA ,207,MARCADORA,Fallo en componente eléctrico,
Mantenimiento,MARCADORA ,208,MARCADORA,Fallo en componente mecánico,
Mantenimiento,MARCADORA ,209,MARCADORA,Elemento eléctrico de armario dañado,
Mantenimiento,MARCADORA ,210,MARCADORA,Falta de presion de aire,
Mantenimiento,MARCADORA ,211,MARCADORA,Falta de fin de ciclo de marcaje,
Mantenimiento,MARCADORA ,212,MARCADORA,Fallo de ventilador ,
Mantenimiento,MARCADORA ,213,MARCADORA,Marcadora no esta ready ,
Mantenimiento,MARCADORA ,214,MARCADORA,Falla Por Marcaje Erroneo,
Mantenimiento,MARCADORA ,215,SPARE,Spare,
Mantenimiento,MARCADORA ,216,SPARE,Spare,
Mantenimiento,MARCADORA ,217,SPARE,Spare,
Mantenimiento,FRESADORA,218,FRESADORA,Ajuste de fresadora /mal fresado,
Mantenimiento,FRESADORA,219,FRESADORA,Falla En Fresado Por TIP BUM,
Mantenimiento,FRESADORA,220,FRESADORA,Motor dañado,
Mantenimiento,FRESADORA,221,FRESADORA,Fallo eléctrico en armario,
Mantenimiento,FRESADORA,222,FRESADORA,Sensor de basculante desajustado/dañado,
Mantenimiento,FRESADORA,223,FRESADORA,Daño en basculante,
Mantenimiento,FRESADORA,224,FRESADORA,Sensor de giro desajustado / dañado,
Mantenimiento,FRESADORA,225,FRESADORA,Block de válvulas dañado,
Mantenimiento,FRESADORA,226,FRESADORA,Elemento eléctrico de armario dañado,
Mantenimiento,FRESADORA,227,FRESADORA,Fallo mecánico,
Mantenimiento,FRESADORA,228,FRESADORA,Proteccion termica se dispara,
Mantenimiento,FRESADORA,229,FRESADORA,Cuchillas dañadas /rotas/desafiladas,
Mantenimiento,FRESADORA,230,FRESADORA,Repetir fresado,
Mantenimiento,FRESADORA,231,FRESADORA,Falla En Fresado Por Atascamiento de Rebaba,
Mantenimiento,FRESADORA,232,FRESADORA,Ajuste de fresadora /mal fresado,
Mantenimiento,FRESADORA,233,FRESADORA,Sensor de compensador Desajustado,
Mantenimiento,FRESADORA,234,FRESADORA,Se cicla el dresado,
Mantenimiento,FRESADORA,235,SPARE,Spare,
Mantenimiento,FRESADORA,236,SPARE,Spare,
Mantenimiento,FRESADORA,237,SPARE,Spare,
Mantenimiento,INTERCAMBIADOR DE CAPS ,238,INTERCAMBIADOR DE CAPS,Se atora cap en mordaza,
Mantenimiento,INTERCAMBIADOR DE CAPS ,239,INTERCAMBIADOR DE CAPS,Daño en sensor de verificacion de cap,
Mantenimiento,INTERCAMBIADOR DE CAPS ,240,INTERCAMBIADOR DE CAPS,Sensor de deteccion de cap mal ajustado,
Mantenimiento,INTERCAMBIADOR DE CAPS ,241,INTERCAMBIADOR DE CAPS,Daño en carrillera,
Mantenimiento,INTERCAMBIADOR DE CAPS ,242,INTERCAMBIADOR DE CAPS,Falla en cambio de Caps por Medicion de Desgaste,
Mantenimiento,INTERCAMBIADOR DE CAPS ,243,INTERCAMBIADOR DE CAPS,Falla en cambio de Caps Por Ciclado,
Mantenimiento,INTERCAMBIADOR DE CAPS ,244,INTERCAMBIADOR DE CAPS,Falla en cambio de CAPS Path 2-4,
Mantenimiento,INTERCAMBIADOR DE CAPS ,245,INTERCAMBIADOR DE CAPS,Intercambiador no quita cap,
Mantenimiento,INTERCAMBIADOR DE CAPS ,246,INTERCAMBIADOR DE CAPS,Sin caps en carrilleras,
Mantenimiento,INTERCAMBIADOR DE CAPS ,247,INTERCAMBIADOR DE CAPS,Ajuste de trayectoria de robot ,
Mantenimiento,INTERCAMBIADOR DE CAPS ,248,INTERCAMBIADOR DE CAPS,Fallo en sensor mordaza,
Mantenimiento,INTERCAMBIADOR DE CAPS ,249,SPARE,Spare,
Mantenimiento,INTERCAMBIADOR DE CAPS ,250,SPARE,Spare,
Mantenimiento,DJ_BOX,251,DJ_BOX,Fallo de comunicación (daño en modulo),
Mantenimiento,DJ_BOX,252,DJ_BOX,Fallo en modulo de seguridad,
Mantenimiento,DJ_BOX,253,DJ_BOX,Control de energía apagado/Master On,
Mantenimiento,DJ_BOX,254,DJ_BOX,Perímetro de seguridad bloqueado,
Mantenimiento,DJ_BOX,255,DJ_BOX,Elemento eléctrico de armario dañado,
Mantenimiento,DJ_BOX,256,DJ_BOX,Falta de 24 V.cd,
Mantenimiento,DJ_BOX,257,DJ_BOX,Daño en fuente de alimentacion 24V,
Mantenimiento,DJ_BOX,258,SPARE,Spare,
Mantenimiento,DJ_BOX,259,SPARE,Spare,
Mantenimiento,DJ_BOX,260,SPARE,Spare,
Mantenimiento,ARMARIO DE CONTROL Y FUERZA ,261,ARMARIO CONTROL Y FUERZA,Daño en fusibles de alimentacion,
Mantenimiento,ARMARIO DE CONTROL Y FUERZA ,262,ARMARIO CONTROL Y FUERZA,Elemento electrico dañado,
Mantenimiento,ARMARIO DE CONTROL Y FUERZA ,263,ARMARIO CONTROL Y FUERZA,PLC sin programa,
Mantenimiento,ARMARIO DE CONTROL Y FUERZA ,264,ARMARIO CONTROL Y FUERZA,Rack de comunicación dañado,
Mantenimiento,ARMARIO DE CONTROL Y FUERZA ,265,ARMARIO CONTROL Y FUERZA,Cable de alimentacion / comunicación dañado,
Mantenimiento,ARMARIO DE CONTROL Y FUERZA ,266,ARMARIO CONTROL Y FUERZA,Elemento electrico con sobrecarga,
Mantenimiento,ARMARIO DE CONTROL Y FUERZA ,267,ARMARIO CONTROL Y FUERZA,Modificacion programa PLC,
Mantenimiento,ARMARIO DE CONTROL Y FUERZA ,268,ARMARIO CONTROL Y FUERZA,Falla de comunicación PLC,
Mantenimiento,ARMARIO DE CONTROL Y FUERZA ,269,ARMARIO CONTROL Y FUERZA,Falla de modulo I/O link,
Mantenimiento,ARMARIO DE CONTROL Y FUERZA ,270,ARMARIO CONTROL Y FUERZA,Rearme de celda,
Mantenimiento,ARMARIO DE CONTROL Y FUERZA ,271,ARMARIO CONTROL Y FUERZA,Falla aplicación de HMI,
Mantenimiento,ARMARIO DE CONTROL Y FUERZA ,272,ARMARIO CONTROL Y FUERZA,HMI pasmado,
Mantenimiento,ARMARIO DE CONTROL Y FUERZA ,273,ARMARIO CONTROL Y FUERZA,Pantalla de calificación de retrabajo bloqueada,
Mantenimiento,ARMARIO DE CONTROL Y FUERZA ,274,ARMARIO CONTROL Y FUERZA,Fallo loggeo,
Mantenimiento,ARMARIO DE CONTROL Y FUERZA ,275,SPARE,Spare,
Mantenimiento,DROP_AIRE_AGUA,276,DROP_AIRE_AGUA,Falta de presion por componente dañado,
Mantenimiento,DROP_AIRE_AGUA,277,DROP_AIRE_AGUA,Pressure switch de acometida dañado,
Mantenimiento,DROP_AIRE_AGUA,278,DROP_AIRE_AGUA,Filtros sucios / dañados,
Mantenimiento,DROP_AIRE_AGUA,279,DROP_AIRE_AGUA,Valvula de paso dañado,
Mantenimiento,DROP_AIRE_AGUA,280,SPARE,Spare,
Mantenimiento,DROP_AIRE_AGUA,281,SPARE,Spare,
Mantenimiento,DROP_AIRE_AGUA,282,SPARE,Spare,
Mantenimiento,UNIDAD DE SERVICIO ROBOT,283,UNIDAD DE SERVICIO ROBOT,Valvula de agua dañada,
Mantenimiento,UNIDAD DE SERVICIO ROBOT,284,UNIDAD DE SERVICIO ROBOT,Valvula de aire con daño,
Mantenimiento,UNIDAD DE SERVICIO ROBOT,285,UNIDAD DE SERVICIO ROBOT,Falta liberacion de 24V por robot,
Mantenimiento,UNIDAD DE SERVICIO ROBOT,286,UNIDAD DE SERVICIO ROBOT,Presure switch dañado,
Mantenimiento,UNIDAD DE SERVICIO ROBOT,287,UNIDAD DE SERVICIO ROBOT,Pressure switch fuera de rango,
Mantenimiento,UNIDAD DE SERVICIO ROBOT,288,UNIDAD DE SERVICIO ROBOT,Water retract dañado / con fuga,
Mantenimiento,UNIDAD DE SERVICIO ROBOT,289,UNIDAD DE SERVICIO ROBOT,Manguera de agua / aire con daño,
Mantenimiento,UNIDAD DE SERVICIO ROBOT,290,SPARE,Spare,
Mantenimiento,UNIDAD DE SERVICIO ROBOT,291,SPARE,Spare,
Mantenimiento,UNIDAD DE SERVICIO ROBOT,292,SPARE,Spare,
Mantenimiento,CORTINA RETRACTIL ,293,CORTINA RETRACTIL,Cortina sin posicion abierta / cerrada,
Mantenimiento,CORTINA RETRACTIL ,294,CORTINA RETRACTIL,Fallo en accionamiento mecanico,
Mantenimiento,CORTINA RETRACTIL ,295,CORTINA RETRACTIL,Fallo en alimentacion electrica,
Mantenimiento,CORTINA RETRACTIL ,296,CORTINA RETRACTIL,Fallo sistema de seguridad,
Mantenimiento,CORTINA RETRACTIL ,297,CORTINA RETRACTIL,Motor dañado,
Mantenimiento,CORTINA RETRACTIL ,298,CORTINA RETRACTIL,Elemento electrico de armario dañado,
Mantenimiento,CORTINA RETRACTIL ,299,CORTINA RETRACTIL,Ajuste de levas incorrecto (posicion),
Mantenimiento,CORTINA RETRACTIL ,300,CORTINA RETRACTIL,Seguridad bloqueada (barreras de luz),
Mantenimiento,CORTINA RETRACTIL ,301,SPARE,Spare,
Mantenimiento,CORTINA RETRACTIL ,302,SPARE,Spare,
Mantenimiento,CORTINA RETRACTIL ,303,SPARE,Spare,
Mantenimiento,VISION,304,VISION,Cámara inhabilitada,
Mantenimiento,VISION,305,VISION,Falló de comunicación de camara,
Mantenimiento,VISION,306,VISION,Ajuste en programa de deteccion,
Mantenimiento,VISION,307,VISION,Fallo eléctrico de camara,
Mantenimiento,VISION,308,VISION,Fallo iluminación externa,
Mantenimiento,VISION,309,VISION,Fallo en detección,
Mantenimiento,VISION,310,VISION,Falla por Lectura de Camara Data matrix,
Mantenimiento,VISION,311,VISION,Falla por Camara Data matrix Dañada,
Mantenimiento,VISION,312,SPARE,Spare,
Mantenimiento,VISION,313,SPARE,Spare,
Mantenimiento,VISION,314,SPARE,Spare,
Mantenimiento,BTM,315,BTM,Valvula pegada ,
Mantenimiento,BTM,316,BTM,Sistema de Scrap atascado,
Mantenimiento,BTM,317,BTM,Mal clinchado ,
Mantenimiento,BTM,318,BTM,Daño en bomba hidraulica ,
Mantenimiento,BTM,319,BTM,Falla de sensores ,
Mantenimiento,BTM,320,BTM,Matriz dañada(Fracturada/Rota),
Mantenimiento,BTM,321,BTM,Fallo mecanico en lazaderas ,
Mantenimiento,BTM,322,BTM,Sensor de lanzadera no da posicion ,
Mantenimiento,BTM,323,BTM,Fallo por lanzadera atorada,
Mantenimiento,BTM,324,SPARE,Spare,
Mantenimiento,BTM,325,SPARE,Spare,
Mantenimiento,BTM,326,SPARE,Spare,
Mantenimiento,SERVICIOS,327,SERVICIOS,Paro de linea por ahorro de energia (horario punta),
Mantenimiento,SERVICIOS,328,SERVICIOS,Falta de presión de aire de compresores,
Mantenimiento,SERVICIOS,329,SERVICIOS,Fallo en suministro de agua,
Mantenimiento,SERVICIOS,330,SERVICIOS,Fallo Energía Eléctrica,
Mantenimiento,SERVICIOS,331,SERVICIOS,Temperatura de agua elevada,
Mantenimiento,SERVICIOS,332,SERVICIOS,Mediciones en sistema de alimenatcion,
Mantenimiento,SERVICIOS,333,SERVICIOS,Perdida de auto por flujo de agua,
Mantenimiento,SERVICIOS,334,SPARE,Spare,
Mantenimiento,SERVICIOS,335,SPARE,Spare,
Mantenimiento,SERVICIOS,336,SPARE,Spare,
Mantenimiento,CLINCHADORA ,337,CLINCHADORA,Fallo en lanzadera,
Mantenimiento,CLINCHADORA ,338,CLINCHADORA,Tuercas atoradas,
Mantenimiento,CLINCHADORA ,339,CLINCHADORA,Cilindro con daño,
Mantenimiento,CLINCHADORA ,340,CLINCHADORA,Falla en sensores PP,
Mantenimiento,CLINCHADORA ,341,CLINCHADORA,Fallo de secuencia,
Mantenimiento,CLINCHADORA ,342,CLINCHADORA,Punzon dañado,
Mantenimiento,CLINCHADORA ,343,CLINCHADORA,Fallo electrico,
Mantenimiento,CLINCHADORA ,344,CLINCHADORA,Falla de aire ,
Mantenimiento,CLINCHADORA ,345,CLINCHADORA,Falla de alimentación,
Mantenimiento,CLINCHADORA ,346,CLINCHADORA,Interrupcion de barreras,
Mantenimiento,CLINCHADORA ,347,SPARE,Spare,
Mantenimiento,CLINCHADORA ,348,SPARE,Spare,
Mantenimiento,CLINCHADORA ,349,SPARE,Spare,
Mantenimiento,PEDESTAL ,350,PEDESTAL,Cambio de electrodos / Tuerca,
Mantenimiento,PEDESTAL ,351,PEDESTAL,Porta electrodos dañado,
Mantenimiento,PEDESTAL ,352,PEDESTAL,Alimentador en falla mecánica/eléctrica ,
Mantenimiento,PEDESTAL ,353,PEDESTAL,Tuerca atorada en alimentador/lanzadera/manguera,
Mantenimiento,PEDESTAL ,354,PEDESTAL,Pressure switch dañado,
Mantenimiento,PEDESTAL ,355,PEDESTAL,Lanzadera en fallo mecánico,
Mantenimiento,PEDESTAL ,356,PEDESTAL,Punta de lanzadera capada,
Mantenimiento,PEDESTAL ,357,PEDESTAL,Elementos de armario de control dañados,
Mantenimiento,PEDESTAL ,358,PEDESTAL,Tubo de enfriamiento dañado,
Mantenimiento,PEDESTAL ,359,PEDESTAL,Puentes laminados/trenzas dañados,
Mantenimiento,PEDESTAL ,360,PEDESTAL,Sensor de carrera / transductor mal ajustado,
Mantenimiento,PEDESTAL ,361,PEDESTAL,Sensor de deteccion dañado,
Mantenimiento,PEDESTAL ,362,PEDESTAL,Botón de ciclo o contactos dañados ,
Mantenimiento,PEDESTAL ,363,PEDESTAL,Actuador de gun dañado,
Mantenimiento,PEDESTAL ,364,PEDESTAL,Conecciones de cilindro dañadas,
Mantenimiento,PEDESTAL ,365,PEDESTAL,Clamp de sujeccion pieza dañado,
Mantenimiento,PEDESTAL ,366,PEDESTAL,Ajuste de pisadores / acentamiento pieza,
Mantenimiento,PEDESTAL ,367,PEDESTAL,Fuga de aire / agua,
Mantenimiento,PEDESTAL ,368,PEDESTAL,Fibra optica de smart electrode dañada,
Mantenimiento,PEDESTAL ,369,PEDESTAL,Ajuste / Calibracion smart electrode / transductor,
Mantenimiento,PEDESTAL ,370,PEDESTAL,Pin de smart electrode atorado / sin posicion,
Mantenimiento,PEDESTAL ,371,PEDESTAL,Falla de comunicación con Control,
Mantenimiento,PEDESTAL ,372,PEDESTAL,Slide sin posicion,
Mantenimiento,PEDESTAL ,373,PEDESTAL,Daño en sensor de slide,
Mantenimiento,PEDESTAL ,374,PEDESTAL,Reflejante dañado (smart / verifast),
Mantenimiento,PEDESTAL ,375,PEDESTAL,Tornilleria dañada (Gun / Bases / Smart),
Mantenimiento,PEDESTAL ,376,PEDESTAL,Cilindro de verifast dañado,
Mantenimiento,PEDESTAL ,377,PEDESTAL,Fallo de soldadura,
Mantenimiento,PEDESTAL ,378,PEDESTAL,Alineación de electrodos,
Mantenimiento,PEDESTAL ,379,PEDESTAL,Ajuste de soldadura /push off/torque ,
Mantenimiento,PEDESTAL ,380,PEDESTAL,Pressure switch no alcanza presion de activacion,
Mantenimiento,PEDESTAL ,381,PEDESTAL,Transformador quemado,
Mantenimiento,PEDESTAL ,382,PEDESTAL,Falta de aceite en deposito,
Mantenimiento,PEDESTAL ,383,PEDESTAL,Derivacion de tuerca / electrodo,
Mantenimiento,PEDESTAL ,384,PEDESTAL,revision por soldadura fria,
Mantenimiento,PEDESTAL ,385,PEDESTAL,Ajuste de acentamiento en tuerca (pedestal interno),
Mantenimiento,PEDESTAL ,386,PEDESTAL,Cambio De Fixture,
Mantenimiento,PEDESTAL ,387,PEDESTAL,Presion baja / Alta,
Mantenimiento,PEDESTAL ,388,PEDESTAL,Soldadura Con Baja Adherencia,
Mantenimiento,PEDESTAL ,389,SPARE,Spare,
Mantenimiento,PEDESTAL ,390,SPARE,Spare,
Mantenimiento,PEDESTAL ,391,SPARE,Spare,
Mantenimiento,SISTEMA DE SEGURIDAD ,392,SISTEMA DE SEGURIDAD,Barreras de luz desalineadas flojas,
Mantenimiento,SISTEMA DE SEGURIDAD ,393,SISTEMA DE SEGURIDAD,Configuracion de barreras por daño / cambio,
Mantenimiento,SISTEMA DE SEGURIDAD ,394,SISTEMA DE SEGURIDAD,Cordon de seguridad desajustado (se activa solo),
Mantenimiento,SISTEMA DE SEGURIDAD ,395,SISTEMA DE SEGURIDAD,Paro de emergencia dañado (Se activa),
Mantenimiento,SISTEMA DE SEGURIDAD ,396,SISTEMA DE SEGURIDAD,Interlock alarmado (activacion interna),
Mantenimiento,SISTEMA DE SEGURIDAD ,397,SISTEMA DE SEGURIDAD,Armario de seguirdad alarmado,
Mantenimiento,SISTEMA DE SEGURIDAD ,398,SISTEMA DE SEGURIDAD,Fallo en Puerta de acceso a celda,
Mantenimiento,SISTEMA DE SEGURIDAD ,399,SISTEMA DE SEGURIDAD,Escaner dañado / sin programa,
Mantenimiento,SISTEMA DE SEGURIDAD ,400,SISTEMA DE SEGURIDAD,Obstruccion en perimetro de escaner,
Mantenimiento,SISTEMA DE SEGURIDAD ,401,SISTEMA DE SEGURIDAD,Perimetro no reestablece,
Mantenimiento,SISTEMA DE SEGURIDAD ,402,SISTEMA DE SEGURIDAD,Barreras de luz dañadas,
Mantenimiento,SISTEMA DE SEGURIDAD ,403,SISTEMA DE SEGURIDAD,Cortina antichispas de pedestal dañada,
Mantenimiento,SISTEMA DE SEGURIDAD ,404,SISTEMA DE SEGURIDAD,Sensores de posicion cortina activa dañados / desajustados,
Mantenimiento,SISTEMA DE SEGURIDAD ,405,SISTEMA DE SEGURIDAD,Borde sensistivo dañado / no se activa,
Mantenimiento,SISTEMA DE SEGURIDAD ,406,SISTEMA DE SEGURIDAD,Reelevador de seguridad cortina dañado,
Mantenimiento,SISTEMA DE SEGURIDAD ,407,SISTEMA DE SEGURIDAD,Avisadores / Balizas dañadas,
Mantenimiento,SISTEMA DE SEGURIDAD ,408,SPARE,Spare,
Mantenimiento,SISTEMA DE SEGURIDAD ,409,SPARE,Spare,
Mantenimiento,SISTEMA DE SEGURIDAD ,410,SPARE,Spare,
Mantenimiento,HMI,411,HMI,Falla en arranque de aplicación HMI,
Mantenimiento,HMI,412,HMI,HMI pasmado,
Mantenimiento,HMI,413,HMI,Sin aplicación de HMI,
Mantenimiento,HMI,414,HMI,Sin secuencia en operación,
Mantenimiento,HMI,415,HMI,Secuencia incorrecta de operación,
Mantenimiento,HMI,416,HMI,Pantalla tactil dañada,
Mantenimiento,HMI,417,HMI,Botones dañados (Master / auto/ perimetro),
Mantenimiento,HMI,418,HMI,Selector manual / automatico dañado,
Mantenimiento,HMI,419,HMI,Sin huella de autorizacion,
Mantenimiento,HMI,420,HMI,Lector de huella dañado,
Mantenimiento,HMI,421,HMI,Fuente de alimentacion dañada,
Mantenimiento,HMI,422,SPARE,Spare,
Mantenimiento,HMI,423,SPARE,Spare,
Mantenimiento,HMI,424,SPARE,Spare,
Mantenimiento,SOLDADURA MIG ,425,SOLDADURA_MIG,Alambre Enredado en alimentador / tambo,
Mantenimiento,SOLDADURA MIG ,426,SOLDADURA_MIG,Fallo de limpieza en reamer,
Mantenimiento,SOLDADURA MIG ,427,SOLDADURA_MIG,Falta suministro de gas ,
Mantenimiento,SOLDADURA MIG ,428,SOLDADURA_MIG,Fuga de gas en sistema de robot,
Mantenimiento,SOLDADURA MIG ,429,SOLDADURA_MIG,Cable de tierra en mesa dañada,
Mantenimiento,SOLDADURA MIG ,430,SOLDADURA_MIG,Contratuerca dañada / cambio,
Mantenimiento,SOLDADURA MIG ,431,SOLDADURA_MIG,Difusor dañado / tapado,
Mantenimiento,SOLDADURA MIG ,432,SOLDADURA_MIG,Alineacion de cuello,
Mantenimiento,SOLDADURA MIG ,433,SOLDADURA_MIG,Equipo fronius alarmado,
Mantenimiento,SOLDADURA MIG ,434,SOLDADURA_MIG,Ajuste de Cordón de soldadura MIG ,
Mantenimiento,SOLDADURA MIG ,435,SOLDADURA_MIG,Se pega tobera en trayectoria de soldadura,
Mantenimiento,SOLDADURA MIG ,436,SOLDADURA_MIG,Revision de alineacion de cuello,
Mantenimiento,SOLDADURA MIG ,437,SOLDADURA_MIG,Cambio de Lainer cuello / antorcha,
Mantenimiento,SOLDADURA MIG ,438,SOLDADURA_MIG,Robacta dañada,
Mantenimiento,SOLDADURA MIG ,439,SOLDADURA_MIG,Daño en sensor de colision,
Mantenimiento,SOLDADURA MIG ,440,SOLDADURA_MIG,Rodillos de alimentacion  dañados ,
Mantenimiento,SOLDADURA MIG ,441,SOLDADURA_MIG,Rodillo de alimentacion robacta dañado ,
Mantenimiento,SOLDADURA MIG ,442,SOLDADURA_MIG,Cambio de   difusor,
Mantenimiento,SOLDADURA MIG ,443,SOLDADURA_MIG,Cambio de cuello,
Mantenimiento,SOLDADURA MIG ,444,SOLDADURA_MIG,Cambio de tobera,
Mantenimiento,SOLDADURA MIG ,445,SOLDADURA_MIG,Sensor de alimentacion dañado (buffer),
Mantenimiento,SOLDADURA MIG ,446,SOLDADURA_MIG,Falta de agua en sistema de enfriamiento ,
Mantenimiento,SOLDADURA MIG ,447,SOLDADURA_MIG,Soldadura deshabilitada,
Mantenimiento,SOLDADURA MIG ,448,SOLDADURA_MIG,Ajuste de parametros en equipo fronius,
Mantenimiento,SOLDADURA MIG ,449,SOLDADURA_MIG,Alarma Sistema de Colition Detec,
Mantenimiento,SOLDADURA MIG ,450,SOLDADURA_MIG,Falla Por Alimentacion De Microalambre,
Mantenimiento,SOLDADURA MIG ,451,SOLDADURA_MIG,Falla por Bajo  Flujo Fuga de Gas,
Mantenimiento,SOLDADURA MIG ,452,SOLDADURA_MIG,Falla En Equipo Fronius,
Mantenimiento,SOLDADURA MIG ,453,SOLDADURA_MIG,Cable de tierra en mesa dañada,
Mantenimiento,SOLDADURA MIG ,454,SOLDADURA_MIG,Cambio de Lainer cuello / antorcha,
Mantenimiento,SOLDADURA MIG ,455,SOLDADURA_MIG,Falla de Robot MIG En Reamer,
Mantenimiento,SOLDADURA MIG ,456,SOLDADURA_MIG,Soldadura deshabilitada,
Mantenimiento,SOLDADURA MIG ,457,SOLDADURA_MIG,Fallo recovery,
Mantenimiento,SOLDADURA MIG ,458,SOLDADURA_MIG,fallo weld complete,
Mantenimiento,SOLDADURA MIG ,459,SOLDADURA_MIG,Revision robacta acoplamiento,
Mantenimiento,EXTRACTOR DE HUMO ,460,EXTRACTOR DE HUMO,Equipo no enciende en automatico,
Mantenimiento,EXTRACTOR DE HUMO ,461,EXTRACTOR DE HUMO,Saturacion de filtros de polvo,
Mantenimiento,EXTRACTOR DE HUMO ,462,EXTRACTOR DE HUMO,Deposito de polvo lleno / cambio,
Mantenimiento,EXTRACTOR DE HUMO ,463,EXTRACTOR DE HUMO,Revision de sistema contra incendio en colector,
Mantenimiento,EXTRACTOR DE HUMO ,464,EXTRACTOR DE HUMO,elemento de armario de control dañado,
Mantenimiento,EXTRACTOR DE HUMO ,465,EXTRACTOR DE HUMO,Conato de incendio en filtros,
Mantenimiento,EXTRACTOR DE HUMO ,466,SPARE,Spare,
Mantenimiento,EXTRACTOR DE HUMO ,467,SPARE,Spare,
Mantenimiento,EXTRACTOR DE HUMO ,468,SPARE,Spare,
Mantenimiento,POLIPASTO,469,POLIPASTO,Cable de seguridad dañado,
Mantenimiento,POLIPASTO,470,POLIPASTO,Cable de polipasto con daño / cambio,
Mantenimiento,POLIPASTO,471,POLIPASTO,Actuador de polipasto dañado / con fuga,
Mantenimiento,POLIPASTO,472,POLIPASTO,Fuga de aire en mangueras de alimentacion,
Mantenimiento,POLIPASTO,473,POLIPASTO,Valvula de accionamiento dañado / con fuga,
Mantenimiento,POLIPASTO,474,POLIPASTO,Soporte de riel roto / dañado,
Mantenimiento,POLIPASTO,475,POLIPASTO,Carros guia dañados,
Mantenimiento,POLIPASTO,476,POLIPASTO,Cadena de seguridad dañada,
Mantenimiento,POLIPASTO,477,POLIPASTO,Falta de presion de aire,
Mantenimiento,POLIPASTO,478,POLIPASTO,se baja polipasto,
Mantenimiento,POLIPASTO,479,POLIPASTO,COLOCACION DE POLIPASTO,
Mantenimiento,POLIPASTO,480,POLIPASTO,REVISION TORNILLERIA ,
Mantenimiento,POLIPASTO,481,SPARE,Spare,
Mantenimiento,POLIPASTO,482,SPARE,Spare,
Mantenimiento,PROCESO,483,PROCESO,Ajuste de punto por posicion fuera de especificacion,
Mantenimiento,PROCESO,484,PROCESO,Ajuste de trayectoria fuera de especificacion de sellador / adhesivo,
Mantenimiento,PROCESO,485,PROCESO,Ajuste de perno Tucker,
Mantenimiento,PROCESO,486,PROCESO,Ajuste de Cordón de soldadura MIG (De acuerdo al material),
Mantenimiento,PROCESO,487,PROCESO,Ajuste posición de marcado (Por ajuste de fecha),
Mantenimiento,PROCESO,488,PROCESO,Ajuste posición de fresado,
Mantenimiento,PROCESO,489,PROCESO,Ajuste de programación marcadora ,
Mantenimiento,PROCESO,490,PROCESO,Ajuste de tuerca en Pedestal,
Mantenimiento,PROCESO,491,PROCESO,Ajuste de punto de soldadura (Defectos de soldadura),
Mantenimiento,PROCESO,492,PROCESO,Ajuste de punto de soldadura (Defecto por tuerca),
Mantenimiento,PROCESO,493,PROCESO,Ajuste de punto de soldadura (Defecto por stud),
Mantenimiento,PROCESO,494,PROCESO,Calibración de smart,
Mantenimiento,PROCESO,495,PROCESO,Alineacion de pinza/Tobera,
Mantenimiento,PROCESO,496,PROCESO,Fresado de caps,
Mantenimiento,PROCESO,497,PROCESO,TOMA DE MEDIDAS,
Mantenimiento,PROCESO,498,PROCESO,Revison GAP,
Mantenimiento,PROCESO,499,SPARE,Spare,
Mantenimiento,PROCESO,500,SPARE,Spare,
PROGRAMADOS,PROGRAMADOS,501,PROGRAMADOS,Cambio de electrodos ,
PROGRAMADOS,PROGRAMADOS,502,PROGRAMADOS,Cambio de boquilla,
PROGRAMADOS,PROGRAMADOS,503,PROGRAMADOS,Limpieza de Boquilla/Tierras,
PROGRAMADOS,PROGRAMADOS,504,PROGRAMADOS,Llenado de caps,
PROGRAMADOS,PROGRAMADOS,505,PROGRAMADOS,Cambio de caps,
PROGRAMADOS,PROGRAMADOS,506,PROGRAMADOS,Mantenimiento autonomo,
PROGRAMADOS,PROGRAMADOS,507,PROGRAMADOS,Puesta a punto,
PROGRAMADOS,PROGRAMADOS,508,PROGRAMADOS,Mantenimiento Preventivo,
PROGRAMADOS,PROGRAMADOS,509,PROGRAMADOS,Comida,
PROGRAMADOS,PROGRAMADOS,510,PROGRAMADOS,Red rabbit automatico,
PROGRAMADOS,PROGRAMADOS,511,PROGRAMADOS,Intervension de KUKA y Robotico/CAMBIO DE MODELO ,
PROGRAMADOS,PROGRAMADOS,512,PROGRAMADOS,Llenado de celda,
PROGRAMADOS,PROGRAMADOS,513,PROGRAMADOS,Falta de material en planta (programado / Consignado),
PROGRAMADOS,PROGRAMADOS,514,PROGRAMADOS,Auditoria,
PROGRAMADOS,PROGRAMADOS,515,PROGRAMADOS,Cambio de alambre,
PROGRAMADOS,PROGRAMADOS,516,PROGRAMADOS,Sin programa de produccion,
PROGRAMADOS,PROGRAMADOS,517,PROGRAMADOS,Cambio de modelo / Cambio de ingenieria,
PROGRAMADOS,PROGRAMADOS,518,PROGRAMADOS,Retrabajo de pieza(s),
PROGRAMADOS,PROGRAMADOS,519,PROGRAMADOS,Cambio de contenedor de sellador,
PROGRAMADOS,PROGRAMADOS,520,PROGRAMADOS,PIEZAS DE SERVICIO,
PROGRAMADOS,PROGRAMADOS,521,SPARE,Spare,
PROGRAMADOS,PROGRAMADOS,522,SPARE,Spare,
PROGRAMADOS,PROGRAMADOS,523,SPARE,Spare,
CALIDAD,CALIDAD,524,N/A,Validación de lock-out,
CALIDAD,CALIDAD,525,N/A,Análisis de problemas/Alerta de calidad,
CALIDAD,CALIDAD,526,N/A,Auditoria LPA,
CALIDAD,CALIDAD,527,N/A,Reseteo por calidad,
CALIDAD,CALIDAD,528,N/A,Contención,
CALIDAD,CALIDAD,529,N/A,Paro por sorteadora,
CALIDAD,CALIDAD,530,N/A,Junta informativa del departamento,
CALIDAD,CALIDAD,531,N/A,"Material fuera de especificación (Material doblado, sucio, etc.)",
CALIDAD,CALIDAD,532,N/A,Validacion 1° pza,
CALIDAD,CALIDAD,533,N/A,Material retrabajado,
CALIDAD,CALIDAD,534,N/A,Validacion de sello (Trayectoria),
CALIDAD,CALIDAD,535,N/A,Calidad recibo,
CALIDAD,CALIDAD,536,N/A,Validacion de camara de aplicación adhesivo,
CALIDAD,CALIDAD,537,N/A,retrabajo de material (recibo),
CALIDAD,CALIDAD,538,N/A,Falta de liberacion de rack,
CALIDAD,CALIDAD,539,N/A,Consignado/dañado/proveedor,
CALIDAD,CALIDAD,540,N/A,Spare,
CALIDAD,CALIDAD,541,N/A,Spare,
CALIDAD,CALIDAD,542,N/A,Spare,
PRODUCCIÓN,PRODUCCIÓN,543,N/A,Falta de banco ,
PRODUCCIÓN,PRODUCCIÓN,544,N/A,Falta de subensambles/No operador,
PRODUCCIÓN,PRODUCCIÓN,545,N/A,Carga incorrecta por operador,
PRODUCCIÓN,PRODUCCIÓN,546,N/A,Bafle,
PRODUCCIÓN,PRODUCCIÓN,547,N/A,Descarga lenta,
PRODUCCIÓN,PRODUCCIÓN,548,N/A,Incidencias de seguridad,
PRODUCCIÓN,PRODUCCIÓN,549,N/A,Trabaja en otra celda (especificar celda),
PRODUCCIÓN,PRODUCCIÓN,550,N/A,Paro de emergencia por operador,
PRODUCCIÓN,PRODUCCIÓN,551,N/A,Movimiento de facilidades/Sin facilidad,
PRODUCCIÓN,PRODUCCIÓN,552,N/A,Junta informativa departamento,
PRODUCCIÓN,PRODUCCIÓN,553,N/A,Capacitación ,
PRODUCCIÓN,PRODUCCIÓN,554,N/A,Acomodo de personal,
PRODUCCIÓN,PRODUCCIÓN,555,N/A,Purga o Vaciado de Celda,
PRODUCCIÓN,PRODUCCIÓN,556,N/A,Interrupción de Cortina,
PRODUCCIÓN,PRODUCCIÓN,557,N/A,Sanitario/Cambio de EPP,
PRODUCCIÓN,PRODUCCIÓN,558,N/A,falta de Mototool / dañado,
PRODUCCIÓN,PRODUCCIÓN,559,N/A,CAMBIO DE PRODUCCION,
PRODUCCIÓN,PRODUCCIÓN,560,N/A,CAMBIO DE MODELO,
PRODUCCIÓN,PRODUCCIÓN,561,N/A,Spare,
PRODUCCIÓN,PRODUCCIÓN,562,N/A,ACTUALIZACIÓN ORDEN ,
INGENIERIA,INGENIERIA,563,N/A,Cambio de ingeniería,
INGENIERIA,INGENIERIA,564,N/A,Falla de sensor/Ajuste de sensor (POKAYOKE),
INGENIERIA,INGENIERIA,565,N/A,Ajuste dimensional,
INGENIERIA,INGENIERIA,566,N/A,Herramental dañado,
INGENIERIA,INGENIERIA,567,N/A,Red rabbit dañado,
INGENIERIA,INGENIERIA,568,N/A,Fallo camara,
INGENIERIA,INGENIERIA,569,N/A,Fallo de Red Rabbit,
INGENIERIA,INGENIERIA,570,N/A,Ajuste de cordones por GAP,
INGENIERIA,INGENIERIA,571,N/A,Junta informativa,
INGENIERIA,INGENIERIA,572,N/A,Spare,
INGENIERIA,INGENIERIA,573,N/A,Spare,
INGENIERIA,INGENIERIA,574,N/A,Spare,
LOGISTICA,LOGISTICA,575,N/A,Falta de Material / Planeacion,
LOGISTICA,LOGISTICA,576,N/A,Demora de surtimiento de componentes,
LOGISTICA,LOGISTICA,577,N/A,Movimiento de PT,
LOGISTICA,LOGISTICA,578,N/A,Rack dañado,
LOGISTICA,LOGISTICA,579,N/A,Surtido de rack/tina incorrecto,
LOGISTICA,LOGISTICA,580,N/A,Falta de saldo,
LOGISTICA,LOGISTICA,581,N/A,Junta informativa,
LOGISTICA,LOGISTICA,582,N/A,FALTA DE RACKS,
LOGISTICA,LOGISTICA,583,N/A,MATERIAL INCORRECTO,
LOGISTICA,LOGISTICA,584,N/A,Falta / actualizacion orden de produccion,
LOGISTICA,LOGISTICA,585,N/A,Spare,
LOGISTICA,LOGISTICA,586,N/A,Spare,
SEGURIDAD/RH,SEGURIDAD/RH,587,N/A,Falta de personal,
SEGURIDAD/RH,SEGURIDAD/RH,588,N/A,Retardos,
SEGURIDAD/RH,SEGURIDAD/RH,589,N/A,Retardos de comedor,
SEGURIDAD/RH,SEGURIDAD/RH,590,N/A,Junta informativa,
SEGURIDAD/RH,SEGURIDAD/RH,591,N/A,Comida,
SEGURIDAD/RH,SEGURIDAD/RH,592,N/A,Break,
SEGURIDAD/RH,SEGURIDAD/RH,593,N/A,Capacitación,
SEGURIDAD/RH,SEGURIDAD/RH,594,N/A,Sanciones,
SEGURIDAD/RH,SEGURIDAD/RH,595,N/A,"Asuntos Varios (Permisos, Vacaciones)",
SEGURIDAD/RH,SEGURIDAD/RH,596,N/A,Problema de Transporte,
SEGURIDAD/RH,SEGURIDAD/RH,597,N/A,Eventos Distintos,
SEGURIDAD/RH,SEGURIDAD/RH,598,N/A,Pausas activas,
SEGURIDAD/RH,SEGURIDAD/RH,599,N/A,Spare,
SEGURIDAD/RH,SEGURIDAD/RH,600,N/A,Spare,
SEGURIDAD/RH,SEGURIDAD/RH,601,N/A,Análisis de riesgo,
SEGURIDAD/RH,SEGURIDAD/RH,602,N/A,Evacuación,
SEGURIDAD/RH,SEGURIDAD/RH,603,N/A,Incidente de seguridad,
SEGURIDAD/RH,SEGURIDAD/RH,604,N/A,Simulacros,
SEGURIDAD/RH,SEGURIDAD/RH,605,N/A,Falta de EPP,
SEGURIDAD/RH,SEGURIDAD/RH,606,N/A,Atención medica,
SEGURIDAD/RH,SEGURIDAD/RH,607,N/A,Junta informativa,
SEGURIDAD/RH,SEGURIDAD/RH,608,N/A,Pausas Laborales,
SEGURIDAD/RH,SEGURIDAD/RH,609,N/A,Desinfeccion area de trabajo,
SEGURIDAD/RH,SEGURIDAD/RH,610,N/A,Piso resbaloso,
SEGURIDAD/RH,SEGURIDAD/RH,611,N/A,Spare,
SEGURIDAD/RH,SEGURIDAD/RH,612,N/A,Spare,
SEGURIDAD/RH,SEGURIDAD/RH,613,N/A,Spare,
